일련번호,SEX,AGE,JOB,INCOME,X1,X2,X3,X4,X5,X6,ADR,S,S1,S2,S3,S4,S5,D1,D2,D3,D4,L1,L2,L3,L4,GINCOME,Y1,Y2,Y3,TS,filter_$
1,2,3,3,284,0,1,0,1,0,0,4,1,1,3,2,3,2,3,4,1,2,4,1,3,3,2,2.2,2.5,2.75,2.48333333333333,0
2,2,1,1,352,0,0,0,0,0,1,5,2,1,2,1,4,4,5,2,3,2,3,1,4,3,3,2.4,3,2.75,2.71666666666667,0
3,1,1,2,301,1,0,1,1,0,0,1,1,2,4,2,2,1,3,5,1,3,2,3,1,5,2,2.2,3,2.75,2.65,1
4,2,1,1,312,0,0,0,0,0,1,5,1,3,3,3,1,2,1,2,4,4,1,4,5,1,2,2.4,2.75,2.75,2.63333333333333,0
5,2,3,4,405,0,0,1,0,0,0,3,1,2,2,4,1,1,3,1,1,2,4,1,3,4,3,2,1.75,3,2.25,1
6,2,3,1,512,0,0,0,1,1,1,1,2,5,4,1,1,3,2,1,2,4,2,5,2,2,4,2.8,2.25,2.75,2.6,0
7,1,2,2,330,0,1,1,0,0,0,5,1,3,4,1,4,3,2,4,1,5,1,3,1,1,2,3,3,1.5,2.5,1
8,2,1,3,160,0,0,1,0,1,0,2,2,1,3,2,2,2,2,1,2,2,4,1,2,1,1,2,1.75,2,1.91666666666667,1
9,2,2,1,115,0,1,1,0,0,1,1,1,3,1,1,3,2,1,4,1,3,5,5,4,2,1,2,2.25,4,2.75,1
10,1,4,2,214,0,0,1,0,0,0,3,2,2,1,1,4,4,4,5,1,1,3,2,5,2,2,2.4,2.75,3,2.71666666666667,1
11,2,3,1,520,0,1,0,1,0,1,5,1,4,2,2,3,2,1,2,5,3,2,5,1,2,4,2.6,2.75,2.5,2.61666666666667,0
12,2,2,3,373,1,0,1,0,0,0,5,2,1,1,3,1,4,1,1,4,1,1,4,5,5,3,2,1.75,3.75,2.5,1
13,1,1,4,137,0,0,0,0,0,0,5,1,2,3,4,2,4,2,2,3,4,3,1,4,2,1,3,2.75,2.5,2.75,0
14,2,3,3,368,1,1,1,0,0,1,1,1,2,5,4,2,1,5,4,5,3,2,2,1,3,3,2.8,4.25,2,3.01666666666667,1
15,2,1,1,332,0,0,1,0,0,0,4,2,5,4,3,4,2,1,3,4,4,1,4,5,1,2,3.6,3,2.75,3.11666666666667,1
16,1,2,3,554,0,1,1,0,0,0,4,2,1,4,1,3,1,3,4,1,2,4,1,3,3,4,2,2.5,2.75,2.41666666666667,1
17,1,3,5,312,1,0,0,1,0,0,3,2,1,2,1,4,4,5,2,3,2,3,1,4,3,2,2.4,3,2.75,2.71666666666667,0
18,2,1,2,221,1,0,1,0,0,0,3,1,2,3,2,2,1,3,5,1,3,2,3,1,5,2,2,3,2.75,2.58333333333333,1
19,2,3,1,226,0,1,0,0,0,0,3,1,3,3,3,2,2,1,2,4,4,1,4,5,1,2,2.6,2.75,2.75,2.7,0
20,2,4,2,510,0,0,1,0,1,1,5,2,2,2,4,1,3,3,1,1,2,4,1,3,4,4,2.4,1.75,3,2.38333333333333,1
21,1,1,1,95,1,0,0,1,0,0,4,2,1,1,1,5,3,5,1,2,5,5,2,2,5,1,2.2,3.25,3.5,2.98333333333333,0
22,2,2,4,696,0,0,1,0,1,0,1,1,3,2,5,2,4,3,4,1,5,1,3,3,1,4,3.2,3.25,2,2.81666666666667,1
23,2,3,4,973,1,0,1,0,0,0,3,2,1,3,2,3,1,3,1,2,1,5,1,2,1,4,2,1.75,2.25,2,1
24,1,2,3,1299,0,0,1,0,1,1,2,1,4,5,5,3,5,4,4,1,3,4,5,4,4,4,4.4,3,4.25,3.88333333333333,1
25,2,3,1,124,0,1,0,0,0,0,4,2,2,2,3,7,1,4,5,1,1,3,2,5,2,1, ,2.75,3, ,0
26,1,1,5,771,0,0,1,0,0,1,5,2,4,4,5,2,3,3,2,5,3,2,3,1,5,4,3.6,3.25,2.75,3.2,1
27,2,2,1,189,0,0,0,0,1,0,2,1,4,1,3,5,4,1,1,4,1,1,4,5,5,1,3.4,1.75,3.75,2.96666666666667,0
28,2,2,1,317,0,0,0,1,0,0,4,2,1,2,4,1,2,3,2,3,2,3,1,4,5,2,2,2.5,3.25,2.58333333333333,0
29,2,3,2,508,0,1,1,0,1,1,3,2,2,1,4,3,1,5,4,5,3,2,2,1,4,4,2.2,4.25,2.25,2.9,1
30,1,3,6,386,1,0,0,1,0,1,5,1,5,4,5,5,5,1,3,4,4,1,4,5,1,3,4.8,3,2.75,3.51666666666667,0
31,2,2,1,342,0,1,1,0,0,0,4,1,2,1,2,3,5,3,4,5,2,4,1,3,4,2,2.6,3.5,3,3.03333333333333,1
32,1,1,5,383,1,0,0,0,1,0,5,1,5,4,5,4,2,2,3,3,2,3,1,3,3,3,4,2.5,2.5,3,0
33,2,1,6,150,1,0,0,0,0,1,1,2,4,2,2,2,1,2,5,5,3,5,3,1,4,1,2.2,3.75,3.25,3.06666666666667,0
34,2,1,2,524,1,1,1,0,0,0,5,2,3,5,3,5,4,1,3,4,4,1,3,5,1,4,4,3,2.5,3.16666666666667,1
35,2,2,1,208,1,1,1,0,0,1,5,1,5,3,4,1,5,3,1,3,2,5,3,3,4,2,3.6,2.25,3.75,3.2,1
36,1,1,5,220,0,0,0,0,0,0,1,1,3,3,3,5,4,4,2,4,4,1,2,5,1,2,3.6,3.5,2.25,3.11666666666667,0
37,2,1,5,322,1,0,1,0,0,0,1,2,5,2,4,3,5,3,1,3,2,5,3,3,4,2,3.8,2.25,3.75,3.26666666666667,1
38,2,3,1,107,0,1,1,0,1,0,3,1,4,3,2,3,5,3,4,1,2,4,1,3,3,1,3.4,2.5,2.75,2.88333333333333,1
39,1,2,4,117,1,0,0,0,0,0,5,2,5,2,4,4,4,5,2,3,2,3,1,4,3,1,3.8,3,2.75,3.18333333333333,0
40,2,4,5,986,1,1,1,0,0,0,2,1,2,4,2,2,1,3,5,1,3,2,3,1,5,4,2.2,3,2.75,2.65,1
41,1,1,1,315,1,0,0,0,0,0,5,2,3,3,3,2,1,1,2,4,4,1,4,5,1,2,2.4,2.75,2.75,2.63333333333333,0
42,2,3,2,310,0,0,1,1,1,0,2,1,2,2,4,1,5,3,1,1,2,4,1,3,4,2,2.8,1.75,3,2.51666666666667,1
43,2,2,3,320,1,0,0,0,0,0,2,2,5,4,1,1,3,2,1,2,4,2,5,2,2,2,2.8,2.25,2.75,2.6,0
44,2,2,6,140,0,0,1,1,1,0,2,2,3,4,5,4,3,2,4,1,5,1,3,1,1,1,3.8,3,1.5,2.76666666666667,1
45,2,3,5,954,1,0,0,0,0,0,3,1,1,3,2,2,5,2,1,2,2,4,1,2,1,4,2.6,1.75,2,2.11666666666667,0
46,1,2,1,216,0,0,1,1,0,0,2,2,4,1,1,3,2,1,4,1,3,5,5,4,2,2,2.2,2.25,4,2.81666666666667,1
47,2,1,1,212,1,0,0,0,1,0,5,2,2,5,5,4,5,4,5,1,1,3,2,5,2,2,4.2,2.75,3,3.31666666666667,0
48,2,4,6,312,1,0,1,1,1,0,4,1,4,2,2,3,2,1,2,5,3,2,5,1,2,2,2.6,2.75,2.5,2.61666666666667,1
49,2,4,5,952,1,0,0,1,0,0,1,2,4,1,3,5,4,1,1,4,1,1,4,5,5,4,3.4,1.75,3.75,2.96666666666667,0
50,2,1,3,332,1,1,0,1,1,1,5,1,5,3,4,5,4,2,2,3,4,3,1,4,2,2,4.2,2.75,2.5,3.15,0
51,1,4,2,324,1,0,1,1,1,0,4,1,2,1,4,2,1,5,4,5,3,2,2,1,3,2,2,4.25,2,2.75,1
52,1,4,2,512,0,0,0,0,0,1,3,2,5,4,3,4,2,1,3,4,4,1,4,5,1,4,3.6,3,2.75,3.11666666666667,0
53,2,1,5,867,0,0,0,0,1,0,1,1,5,4,5,5,3,5,1,2,5,5,2,2,5,4,4.4,3.25,3.5,3.71666666666667,0
54,1,4,2,536,1,0,0,1,0,1,5,1,3,2,5,2,4,3,4,1,5,1,3,3,1,4,3.2,3.25,2,2.81666666666667,0
55,2,2,5,957,0,0,0,0,0,0,3,2,1,3,2,3,1,3,1,8,1,5,1,2,1,4,2, ,2.25, ,0
56,1,2,1,237,1,0,0,0,0,1,4,1,4,5,5,3,2,4,4,1,3,4,5,4,4,2,3.8,3,4.25,3.68333333333333,0
57,2,4,1,224,0,1,0,0,0,0,5,2,2,2,3,4,1,4,5,1,1,3,2,5,2,2,2.4,2.75,3,2.71666666666667,0
58,2,3,3,338,0,0,1,0,0,0,4,2,4,4,2,2,3,3,2,5,3,2,3,1,5,2,3,3.25,2.75,3,1
59,2,3,3,520,1,1,0,0,0,1,4,1,4,1,3,5,4,1,1,4,1,1,4,5,5,4,3.4,1.75,3.75,2.96666666666667,0
60,2,2,5,682,1,0,0,1,0,0,5,1,1,2,4,1,2,3,2,3,2,3,1,4,5,4,2,2.5,3.25,2.58333333333333,0
61,2,1,1,402,0,1,0,0,0,1,1,2,2,5,4,3,5,5,4,5,3,2,2,1,4,3,3.8,4.25,2.25,3.43333333333333,0
62,2,1,5,506,1,0,0,0,0,0,1,2,5,5,5,4,3,1,3,4,4,1,4,5,1,4,4.4,3,2.75,3.38333333333333,0
63,1,1,2,342,1,0,0,0,0,0,5,2,2,1,2,3,1,3,4,5,2,4,1,3,4,2,1.8,3.5,3,2.76666666666667,0
64,2,1,5,170,0,1,0,1,0,1,5,2,5,4,5,4,4,2,3,3,2,3,1,3,3,1,4.4,2.5,2.5,3.13333333333333,0
65,2,3,1,156,1,0,0,0,0,0,3,1,4,2,2,2,1,2,5,5,3,5,3,1,4,1,2.2,3.75,3.25,3.06666666666667,0
66,2,2,5,875,0,1,1,1,0,0,1,1,3,5,3,5,4,1,3,4,4,1,3,5,1,4,4,3,2.5,3.16666666666667,1
67,1,1,3,232,1,0,0,0,0,0,1,2,5,3,4,5,5,3,1,3,2,5,3,3,4,2,4.4,2.25,3.75,3.46666666666667,0
68,2,1,1,358,0,0,0,1,0,0,1,2,3,3,3,5,2,4,2,4,4,1,2,5,1,3,3.2,3.5,2.25,2.98333333333333,0
69,2,3,5,486,1,1,1,1,0,0,3,2,6,2,4,3,5,3,1,3,2,5,3,3,4,3, ,2.25,3.75, ,1
70,2,4,4,541,0,0,0,1,1,1,1,1,4,3,2,3,5,3,4,1,2,4,1,3,3,4,3.4,2.5,2.75,2.88333333333333,0
71,2,3,1,135,1,0,0,0,0,0,5,2,1,2,1,4,4,5,2,3,2,3,1,4,3,1,2.4,3,2.75,2.71666666666667,0
72,1,1,4,182,0,0,0,1,1,0,1,1,2,4,2,1,1,3,5,1,3,2,3,1,5,1,2,3,2.75,2.58333333333333,0
73,2,2,5,149,0,0,1,1,1,0,2,2,3,3,3,2,2,1,2,4,4,1,4,5,1,1,2.6,2.75,2.75,2.7,1
74,2,2,2,512,0,0,0,0,1,1,2,1,2,2,4,1,5,3,1,1,2,4,1,3,4,4,2.8,1.75,3,2.51666666666667,0
75,1,3,1,215,0,1,0,1,0,0,2,2,5,4,5,5,3,2,1,2,4,2,5,2,2,2,4.4,2.25,2.75,3.13333333333333,0
76,2,3,3,200,1,0,0,0,0,1,3,2,3,4,2,4,3,2,4,1,5,1,3,1,1,2,3.2,3,1.5,2.56666666666667,0
77,2,3,1,116,0,0,0,1,1,0,4,1,1,3,2,2,5,2,1,2,2,4,1,2,1,1,2.6,1.75,2,2.11666666666667,0
78,1,2,2,327,0,0,1,0,0,1,3,2,4,1,1,3,2,1,4,1,3,5,5,4,2,2,2.2,2.25,4,2.81666666666667,1
79,2,4,4,165,0,1,0,1,1,0,2,1,2,2,2,4,1,4,5,1,1,3,2,5,2,1,2.2,2.75,3,2.65,0
80,2,1,2,334,0,0,0,0,0,1,4,2,4,5,5,3,2,1,2,5,3,2,5,1,2,2,3.8,2.75,2.5,3.01666666666667,0
81,1,4,2,153,0,1,0,0,0,0,4,1,4,1,3,1,4,1,1,4,1,1,4,5,5,1,2.6,1.75,3.75,2.7,0
82,1,3,1,139,0,0,0,0,1,1,1,2,5,3,4,1,4,2,2,3,4,3,1,4,2,1,3.4,2.75,2.5,2.88333333333333,0
83,2,2,2,120,1,1,0,1,0,1,2,2,2,5,4,2,1,5,4,5,3,2,2,1,3,1,2.8,4.25,2,3.01666666666667,0
84,2,4,1,326,0,0,0,0,0,1,5,1,5,4,3,4,2,1,3,4,4,1,4,5,1,2,3.6,3,2.75,3.11666666666667,0
85,1,2,3,117,0,1,1,0,0,1,2,1,4,3,2,3,5,3,4,1,2,4,1,3,3,1,3.4,2.5,2.75,2.88333333333333,1
86,2,4,5,319,0,0,0,0,0,0,4,1,1,2,1,4,4,5,2,3,2,3,1,4,3,2,2.4,3,2.75,2.71666666666667,0
87,2,3,2,558,0,1,0,0,0,1,2,2,2,4,2,2,1,3,5,1,3,2,3,1,5,4,2.2,3,2.75,2.65,0
88,1,2,4,317,0,1,0,0,1,0,5,2,3,3,3,1,2,1,2,4,4,1,4,5,1,2,2.4,2.75,2.75,2.63333333333333,0
89,1,3,4,695,0,1,0,0,0,1,2,1,2,2,4,1,1,3,1,1,2,4,1,3,4,4,2,1.75,3,2.25,0
90,1,4,3,325,0,1,0,0,0,1,4,2,5,4,1,1,3,5,1,2,5,5,2,2,5,2,2.8,3.25,3.5,3.18333333333333,0
91,2,4,4,281,1,0,0,0,0,1,1,1,3,2,5,2,4,3,4,1,5,1,3,3,1,2,3.2,3.25,2,2.81666666666667,0
92,1,3,3,340,0,1,1,1,1,0,1,2,1,3,2,3,1,3,1,2,1,5,1,2,1,2,2,1.75,2.25,2,1
93,2,4,1,316,0,0,0,0,0,1,4,2,4,5,5,3,2,4,4,1,3,4,5,4,4,2,3.8,3,4.25,3.68333333333333,0
94,2,3,6,342,1,1,0,1,1,0,3,2,2,2,3,4,1,4,5,1,1,3,2,5,2,2,2.4,2.75,3,2.71666666666667,0
95,2,4,1,505,0,1,1,0,0,1,5,1,4,4,2,2,3,3,2,5,3,2,3,1,5,4,3,3.25,2.75,3,1
96,1,4,4,432,0,1,0,0,1,0,4,1,4,1,3,5,4,1,1,4,1,1,4,5,5,3,3.4,1.75,3.75,2.96666666666667,0
97,2,3,5,322,0,0,0,1,1,1,3,1,1,2,4,1,2,3,2,3,2,3,1,4,5,2,2,2.5,3.25,2.58333333333333,0
98,1,4,1,304,0,1,1,1,1,1,2,2,2,5,4,3,5,5,4,5,3,2,2,1,4,2,3.8,4.25,2.25,3.43333333333333,1
99,2,3,4,506,0,0,0,0,0,1,2,2,5,2,5,2,2,1,3,4,4,1,4,5,1,4,3.2,3,2.75,2.98333333333333,0
100,1,3,3,617,0,1,0,0,1,0,5,2,2,1,2,3,1,3,4,5,2,4,1,3,4,4,1.8,3.5,3,2.76666666666667,0
101,2,4,5,351,0,0,0,1,0,1,2,2,1,4,1,4,2,2,3,3,2,3,1,3,3,3,2.4,2.5,2.5,2.46666666666667,0
102,1,3,2,332,0,1,0,0,0,0,3,2,4,1,2,1,5,2,5,5,3,5,3,1,4,2,2.6,3.75,3.25,3.2,0
103,2,4,6,312,1,1,1,1,1,0,4,1,3,5,3,5,4,1,3,4,4,1,3,5,1,2,4,3,2.5,3.16666666666667,1
104,2,2,5,333,0,1,0,0,0,1,2,2,5,3,4,1,5,3,1,3,2,5,3,3,4,2,3.6,2.25,3.75,3.2,0
105,1,3,1,278,0,0,0,0,1,0,3,2,3,3,3,5,2,4,2,4,4,1,2,5,1,2,3.2,3.5,2.25,2.98333333333333,0
106,1,3,1,283,0,1,0,0,0,1,2,1,5,1,4,3,1,3,1,3,2,5,3,3,4,2,2.8,2.25,3.75,2.93333333333333,0
107,1,3,4,577,0,0,0,0,1,0,1,1,4,3,2,3,1,3,4,1,2,4,1,3,3,4,2.6,2.5,2.75,2.61666666666667,0
108,2,4,3,308,0,0,0,0,0,0,2,1,1,2,1,4,4,5,2,3,2,3,1,4,3,2,2.4,3,2.75,2.71666666666667,0
109,2,2,2,454,0,1,1,0,0,1,1,1,2,4,2,2,1,3,5,1,3,2,3,1,5,3,2.2,3,2.75,2.65,1
110,1,1,4,163,1,0,0,0,0,1,1,2,3,3,3,1,2,1,2,4,4,1,4,5,1,1,2.4,2.75,2.75,2.63333333333333,0
111,1,2,2,523,0,1,0,0,1,0,1,2,1,1,4,1,5,3,1,1,2,4,1,3,4,4,2.4,1.75,3,2.38333333333333,0
112,2,2,5,251,0,0,0,0,0,1,2,1,5,4,1,1,3,2,1,2,4,2,5,2,2,2,2.8,2.25,2.75,2.6,0
113,1,3,2,289,0,0,1,0,0,1,2,2,3,4,5,4,3,2,4,1,5,1,3,1,1,2,3.8,3,1.5,2.76666666666667,1
114,2,2,4,372,0,1,0,0,1,0,2,2,1,3,2,2,5,2,1,2,2,4,1,2,1,3,2.6,1.75,2,2.11666666666667,0
115,1,1,1,352,0,1,0,0,0,1,1,1,4,5,5,3,5,1,4,1,3,5,5,4,2,3,4.4,2.25,4,3.55,0
116,1,3,1,224,0,0,0,0,0,0,3,2,2,5,5,4,5,4,5,1,1,3,2,5,2,2,4.2,2.75,3,3.31666666666667,0
117,2,4,6,268,1,1,0,0,0,1,4,1,4,2,2,3,2,1,2,5,3,2,5,1,2,2,2.6,2.75,2.5,2.61666666666667,0
118,1,4,1,155,0,1,0,0,0,0,1,2,4,1,3,1,4,1,1,4,1,1,4,5,5,1,2.6,1.75,3.75,2.7,0
119,1,2,2,423,0,0,0,0,0,1,2,1,4,3,4,4,4,2,2,3,4,3,1,4,2,3,3.8,2.75,2.5,3.01666666666667,0
120,2,2,5,246,1,1,1,1,0,0,4,1,2,5,4,2,1,5,4,5,3,2,2,1,3,2,2.8,4.25,2,3.01666666666667,1
121,2,1,2,306,0,0,0,0,1,1,1,2,5,4,3,4,2,1,3,4,4,1,4,5,1,2,3.6,3,2.75,3.11666666666667,0
122,2,4,1,346,0,1,1,1,0,0,4,1,2,4,1,1,3,5,1,2,5,5,2,2,5,2,2.2,3.25,3.5,2.98333333333333,1
123,1,3,3,284,1,0,0,0,0,0,2,1,3,2,1,2,4,3,4,1,5,1,3,3,1,2,2.4,3.25,2,2.55,0
124,1,2,4,349,0,1,0,1,1,0,2,1,1,1,2,3,2,3,1,2,1,5,1,2,1,2,1.8,1.75,2.25,1.93333333333333,0
125,2,4,6,417,0,0,0,0,0,0,4,2,4,5,5,3,2,4,4,1,3,4,5,4,4,3,3.8,3,4.25,3.68333333333333,0
126,2,4,6,228,0,1,0,0,0,1,3,1,2,2,3,4,1,4,5,1,1,3,2,5,2,2,2.4,2.75,3,2.71666666666667,0
127,1,2,6,769,0,0,0,1,1,0,1,1,4,1,2,2,5,3,2,5,3,2,3,1,5,4,2.8,3.25,2.75,2.93333333333333,0
128,2,3,2,471,1,0,0,0,0,0,5,1,4,1,3,5,4,1,1,4,1,1,4,5,5,3,3.4,1.75,3.75,2.96666666666667,0
129,1,3,3,247,0,0,0,1,0,0,1,2,1,2,4,1,2,3,2,3,2,3,1,4,5,2,2,2.5,3.25,2.58333333333333,0
130,2,2,6,576,0,0,0,0,0,0,5,2,2,1,4,3,1,5,4,5,3,2,2,1,4,4,2.2,4.25,2.25,2.9,0
131,1,2,4,100,0,1,0,0,0,0,3,2,1,2,1,2,2,1,3,4,4,1,4,5,1,1,1.6,3,2.75,2.45,0
132,2,1,5,282,0,0,0,1,1,0,4,1,2,1,2,3,2,3,4,5,2,4,1,3,4,2,2,3.5,3,2.83333333333333,0
133,1,1,3,202,0,0,0,0,0,1,1,2,1,4,1,4,2,2,3,3,2,3,1,3,3,2,2.4,2.5,2.5,2.46666666666667,0
134,1,4,2,532,1,0,1,0,0,0,2,2,4,2,5,2,5,2,5,5,3,5,3,1,4,4,3.6,3.75,3.25,3.53333333333333,1
135,2,3,4,476,0,0,0,0,0,0,2,2,3,5,3,5,4,1,3,4,4,1,3,5,1,3,4,3,2.5,3.16666666666667,0
136,1,4,5,302,0,0,1,0,0,0,3,1,5,3,4,5,5,3,1,3,2,5,3,3,4,2,4.4,2.25,3.75,3.46666666666667,1
137,1,2,2,321,0,0,0,0,0,0,1,1,3,3,3,5,2,4,2,4,4,1,2,5,1,2,3.2,3.5,2.25,2.98333333333333,0
138,2,4,5,186,1,1,1,1,1,0,4,2,5,2,4,3,5,3,1,3,2,5,3,3,4,1,3.8,2.25,3.75,3.26666666666667,1
139,1,1,4,323,0,0,0,0,0,0,1,1,4,3,2,3,1,3,4,1,2,4,1,3,3,2,2.6,2.5,2.75,2.61666666666667,0
140,2,1,4,950,0,0,0,0,0,0,1,2,1,2,1,4,4,5,2,3,2,3,1,4,3,4,2.4,3,2.75,2.71666666666667,0
141,2,4,1,350,0,0,1,0,0,1,4,2,2,4,2,2,1,3,5,1,3,2,3,1,5,3,2.2,3,2.75,2.65,1
142,1,1,5,112,1,0,0,1,1,0,1,1,3,3,3,5,2,1,2,4,4,1,4,5,1,1,3.2,2.75,2.75,2.9,0
143,2,3,5,325,0,0,1,0,0,0,4,2,2,2,4,1,5,3,1,1,2,4,1,3,4,2,2.8,1.75,3,2.51666666666667,1
144,2,4,6,652,1,0,1,1,0,1,4,2,5,4,1,1,3,2,1,2,4,2,5,2,2,4,2.8,2.25,2.75,2.6,1
145,1,4,5,312,1,0,0,0,0,0,4,1,3,4,5,4,3,2,4,1,5,1,3,1,1,2,3.8,3,1.5,2.76666666666667,0
146,2,4,5,966,0,1,1,1,0,0,4,1,1,3,2,2,1,2,1,2,2,4,1,2,1,4,1.8,1.75,2,1.85,1
147,1,3,4,403,1,0,0,1,0,0,2,1,4,1,1,3,2,1,4,1,3,5,5,4,2,3,2.2,2.25,4,2.81666666666667,0
148,1,3,3,652,0,0,0,1,0,0,1,2,2,5,5,4,1,4,5,1,1,3,2,5,2,4,3.4,2.75,3,3.05,0
149,2,4,6,762,0,1,0,0,1,0,4,1,4,2,2,3,2,1,2,5,3,2,5,1,2,4,2.6,2.75,2.5,2.61666666666667,0
150,2,4,6,125,0,0,0,1,0,0,3,2,4,1,3,5,4,1,1,4,1,1,4,5,5,1,3.4,1.75,3.75,2.96666666666667,0
151,1,3,4,214,0,0,0,0,1,0,1,1,5,3,4,5,4,2,2,3,4,3,1,4,2,2,4.2,2.75,2.5,3.15,0
152,1,4,2,298,0,0,1,0,0,0,3,2,2,5,4,2,5,5,4,5,3,2,2,1,3,2,3.6,4.25,2,3.28333333333333,1
153,1,3,2,544,0,0,0,1,0,1,3,1,5,4,3,4,2,1,3,4,4,1,4,5,1,4,3.6,3,2.75,3.11666666666667,0
154,1,3,4,696,0,1,0,1,1,0,3,1,4,3,2,3,5,3,4,1,2,4,1,3,3,4,3.4,2.5,2.75,2.88333333333333,0
155,2,2,6,823,0,0,0,1,1,1,1,1,1,2,1,2,4,5,2,3,2,3,1,4,3,4,2,3,2.75,2.58333333333333,0
156,2,4,5,389,0,0,1,0,0,0,4,2,2,4,2,2,1,3,5,1,3,2,3,1,5,3,2.2,3,2.75,2.65,1
157,1,4,2,501,0,1,1,1,1,1,2,2,3,3,3,5,2,1,2,4,4,1,4,5,1,4,3.2,2.75,2.75,2.9,1
158,1,1,1,321,0,1,1,1,0,0,2,1,2,2,4,3,5,3,1,1,2,4,1,3,4,2,3.2,1.75,3,2.65,1
159,1,3,5,190,1,0,0,0,0,0,5,2,5,4,1,3,3,5,1,2,5,5,2,2,5,1,3.2,3.25,3.5,3.31666666666667,0
160,2,3,6,277,0,0,1,0,0,1,3,1,3,2,5,2,4,3,4,1,5,1,3,3,1,2,3.2,3.25,2,2.81666666666667,1
161,1,3,4,284,1,0,1,0,0,0,4,1,4,3,2,3,5,3,1,2,1,5,1,2,1,2,3.4,1.75,2.25,2.46666666666667,1
162,2,2,5,246,0,0,1,1,0,0,2,2,4,5,5,3,2,4,4,1,3,4,5,4,4,2,3.8,3,4.25,3.68333333333333,1
163,1,4,4,471,1,0,0,0,1,1,2,1,2,2,3,4,4,4,5,1,1,3,2,5,2,3,3,2.75,3,2.91666666666667,0
164,2,2,6,300,0,0,1,1,0,0,5,1,4,4,2,2,3,3,2,5,3,7,3,1,5,2,3,3.25, , ,1
165,1,3,4,843,0,1,0,0,1,0,3,1,4,5,3,5,4,1,1,4,1,1,4,5,5,4,4.2,1.75,3.75,3.23333333333333,0
166,1,2,1,205,1,0,0,1,0,0,2,2,1,2,4,5,2,3,2,3,2,3,1,4,5,2,2.8,2.5,3.25,2.85,0
167,2,3,5,484,0,0,1,1,1,0,3,1,2,1,5,3,1,5,4,5,3,2,2,1,4,3,2.4,4.25,2.25,2.96666666666667,1
168,1,4,2,185,1,0,0,1,0,0,1,1,5,2,5,2,5,1,3,4,4,1,4,5,1,1,3.8,3,2.75,3.18333333333333,0
169,2,2,6,192,0,0,1,0,0,1,2,2,2,1,2,3,5,3,4,5,2,4,1,3,4,1,2.6,3.5,3,3.03333333333333,1
170,1,4,2,236,0,0,0,1,1,0,1,1,5,4,5,4,2,2,3,3,2,3,1,3,3,2,4,2.5,2.5,3,0
171,2,3,6,536,1,0,1,0,0,1,2,1,4,2,2,2,1,2,5,5,3,5,3,1,4,4,2.2,3.75,3.25,3.06666666666667,1
172,1,2,2,269,0,1,0,0,1,0,4,2,3,5,3,5,4,1,3,4,4,1,3,5,1,2,4,3,2.5,3.16666666666667,0
173,1,1,3,364,0,0,0,1,0,1,1,1,5,3,4,1,5,3,1,3,2,5,3,3,4,3,3.6,2.25,3.75,3.2,0
174,2,3,1,210,0,0,0,0,0,0,1,1,3,3,3,5,2,4,2,4,4,1,2,5,1,2,3.2,3.5,2.25,2.98333333333333,0
175,2,2,5,391,0,1,1,1,1,0,1,2,5,2,4,5,5,3,1,3,2,5,3,3,4,3,4.2,2.25,3.75,3.4,1
176,2,4,5,184,0,0,0,0,0,1,4,2,4,3,2,3,5,3,4,1,2,4,1,3,3,1,3.4,2.5,2.75,2.88333333333333,0
177,1,3,4,163,1,0,0,1,0,0,1,1,5,2,5,2,4,5,2,3,2,3,1,4,3,1,3.6,3,2.75,3.11666666666667,0
178,1,3,5,830,0,1,0,0,0,1,3,1,2,4,2,2,1,3,5,1,3,2,3,1,5,4,2.2,3,2.75,2.65,0
179,2,4,4,271,0,0,1,0,1,0,4,1,3,3,3,5,2,1,2,4,4,1,4,5,1,2,3.2,2.75,2.75,2.9,1
180,1,2,4,363,0,0,0,0,0,0,2,2,5,2,4,5,5,3,1,1,2,4,1,3,4,3,4.2,1.75,3,2.98333333333333,0
181,2,4,6,120,1,0,0,1,1,1,4,1,1,4,1,1,3,2,1,2,4,2,5,2,2,1,2,2.25,2.75,2.33333333333333,0
182,1,3,4,466,0,0,1,0,1,0,4,1,3,4,5,4,3,2,4,1,5,1,3,1,1,3,3.8,3,1.5,2.76666666666667,1
183,1,3,4,521,1,1,0,0,0,0,3,2,5,3,2,2,5,2,1,2,2,4,1,2,1,4,3.4,1.75,2,2.38333333333333,0
184,1,3,3,162,0,0,1,0,0,0,2,1,4,5,5,3,2,1,4,1,3,5,5,4,2,1,3.8,2.25,4,3.35,1
185,1,4,2,389,0,0,0,0,1,0,1,2,2,5,5,4,1,4,5,1,1,3,2,5,2,3,3.4,2.75,3,3.05,0
186,2,2,6,339,1,0,1,0,0,0,4,1,4,2,2,3,2,1,2,5,3,2,5,1,2,2,2.6,2.75,2.5,2.61666666666667,1
187,2,3,6,291,1,0,0,0,1,1,5,1,4,1,3,5,4,1,1,4,1,1,4,5,5,2,3.4,1.75,3.75,2.96666666666667,0
188,1,2,1,520,0,0,0,0,0,0,1,1,1,3,4,1,4,2,2,3,4,3,1,4,2,4,2.6,2.75,2.5,2.61666666666667,0
189,1,3,4,734,0,1,1,0,1,0,2,2,2,5,4,2,1,5,4,5,3,2,2,1,3,4,2.8,4.25,2,3.01666666666667,1
190,1,1,1,158,1,0,1,1,1,0,1,1,5,4,3,4,2,1,3,4,4,1,4,5,1,1,3.6,3,2.75,3.11666666666667,1
191,1,3,2,512,0,0,0,0,1,1,3,2,5,4,1,1,3,5,1,2,5,5,2,2,5,4,2.8,3.25,3.5,3.18333333333333,0
192,1,2,4,716,1,0,0,1,0,0,2,1,3,2,5,2,4,3,4,1,5,1,3,3,1,4,3.2,3.25,2,2.81666666666667,0
193,2,2,4,363,0,1,1,0,1,1,2,1,1,3,2,3,1,3,1,2,1,5,1,2,1,3,2,1.75,2.25,2,1
194,1,1,2,842,0,0,0,0,0,0,4,1,4,5,5,3,2,4,4,1,3,4,5,4,4,4,3.8,3,4.25,3.68333333333333,0
195,1,3,3,171,0,0,1,1,0,0,2,2,2,2,3,4,1,4,5,1,1,3,2,5,2,1,2.4,2.75,3,2.71666666666667,1
196,2,3,3,238,0,0,0,1,1,1,2,1,4,4,2,2,3,3,2,5,3,2,3,1,5,2,3,3.25,2.75,3,0
197,2,4,5,972,0,0,0,1,0,1,4,1,4,1,3,5,4,1,1,5,1,1,4,5,5,4,3.4,2,3.75,3.05,0
198,2,3,5,335,0,0,0,0,1,0,5,2,1,2,4,1,2,3,2,3,2,3,1,4,5,2,2,2.5,3.25,2.58333333333333,0
199,2,3,6,307,0,0,1,1,1,1,4,1,2,1,4,3,1,5,4,5,3,2,2,1,4,2,2.2,4.25,2.25,2.9,1
200,1,4,4,130,0,1,0,0,1,1,3,2,5,2,5,2,5,1,3,4,4,1,4,5,1,1,3.8,3,2.75,3.18333333333333,0
201,1,4,1,190,0,0,0,0,0,0,1,1,1,2,2,4,1,1,3,1,2,1,5,1,3,1,2,1.75,2.5,2.08333333333333,0
202,2,4,6,324,0,1,0,0,0,1,3,1,3,1,4,2,4,2,4,4,1,3,4,5,3,2,2.8,2.75,3.75,3.1,0
203,1,3,4,107,0,0,0,1,0,0,1,1,4,3,5,4,2,1,4,5,1,1,3,2,4,1,3.6,2.75,2.5,2.95,0
204,1,4,2,290,0,0,0,0,1,0,1,1,2,2,5,2,5,3,3,2,5,3,2,3,2,2,3.2,3.25,2.5,2.98333333333333,0
205,2,3,6,644,1,0,0,1,0,0,1,2,2,3,5,1,5,4,1,1,4,1,1,4,5,4,3.2,2.5,2.75,2.81666666666667,0
206,1,1,4,222,1,1,1,1,0,0,1,1,5,4,4,3,5,2,3,2,3,2,3,1,1,2,4.2,2.5,1.75,2.81666666666667,1
207,2,4,4,314,0,0,0,1,0,0,4,1,1,4,2,4,4,1,5,4,5,3,2,2,3,2,3,3.75,2.5,3.08333333333333,0
208,1,4,3,246,0,0,0,0,0,0,1,1,5,5,5,5,1,2,1,3,4,4,1,4,2,2,4.2,2.5,2.75,3.15,0
209,2,3,5,493,1,0,1,0,1,1,3,1,4,2,3,4,4,5,3,4,5,2,4,1,3,3,3.4,4.25,2.5,3.38333333333333,1
210,2,2,6,486,0,0,0,1,0,0,3,2,3,1,3,2,3,2,2,3,3,2,3,1,4,3,2.4,2.5,2.5,2.46666666666667,0
211,1,3,3,295,1,0,0,0,0,0,4,2,2,2,5,5,4,1,2,5,5,3,5,3,2,2,3.6,3.25,3.25,3.36666666666667,0
212,2,3,6,295,0,0,1,1,0,0,1,1,1,3,5,3,1,4,1,3,4,4,1,3,5,2,2.6,3,3.25,2.95,1
213,2,2,5,942,1,0,1,0,1,0,3,2,3,4,3,1,4,5,3,1,3,2,5,3,1,4,3,3,2.75,2.91666666666667,1
214,2,3,3,372,0,1,1,0,0,0,1,1,1,3,5,3,1,2,4,2,4,4,1,2,5,3,2.6,3,3,2.86666666666667,1
215,1,1,5,273,0,0,0,1,1,0,2,2,3,4,3,1,4,5,3,1,3,2,5,3,3,2,3,3,3.25,3.08333333333333,0
216,2,4,6,135,1,1,1,0,0,0,1,1,4,2,3,4,3,5,3,4,1,2,4,1,3,1,3.2,3.25,2.5,2.98333333333333,1
217,2,2,5,904,0,1,0,1,0,1,4,1,3,1,4,2,3,4,5,2,3,2,3,1,4,4,2.6,3.5,2.5,2.86666666666667,0
218,2,3,1,516,1,1,0,0,1,0,2,1,2,2,1,1,5,1,3,5,1,3,2,3,2,4,2.2,2.5,2.5,2.4,0
219,1,4,3,515,0,0,1,0,1,1,2,1,4,3,5,3,5,2,1,2,4,4,1,4,5,4,4,2.25,3.5,3.25,1
220,1,4,5,137,0,0,0,0,0,0,1,1,3,4,3,4,4,5,3,1,1,2,4,1,1,1,3.6,2.5,2,2.7,0
221,1,2,3,217,1,1,1,1,0,1,2,1,5,4,2,5,2,3,2,1,2,4,2,5,1,2,3.6,2,3,2.86666666666667,1
222,2,2,6,690,0,0,0,0,1,0,2,2,4,5,1,2,1,3,2,4,1,5,1,3,4,4,2.6,2.5,3.25,2.78333333333333,0
223,1,4,4,729,0,1,0,0,0,1,2,1,1,2,2,4,1,5,2,1,2,2,4,1,2,4,2,2.5,2.25,2.25,0
224,1,3,2,481,0,0,1,0,1,0,3,1,3,1,4,5,2,2,1,4,1,3,5,5,3,3,3,2,4,3,1
225,1,4,4,559,0,0,0,1,0,0,3,1,4,5,5,4,2,1,4,5,1,1,3,2,4,4,4,2.75,2.5,3.08333333333333,0
226,2,4,5,940,0,1,0,0,0,1,4,2,2,2,1,2,2,2,1,2,5,3,2,5,3,4,1.8,2.5,3.25,2.51666666666667,0
227,2,1,5,134,1,0,0,1,0,0,1,1,2,3,5,1,5,4,1,1,4,1,1,4,5,1,3.2,2.5,2.75,2.81666666666667,0
228,1,4,2,433,0,0,0,0,0,1,1,1,5,4,4,3,2,4,2,2,3,4,3,1,1,3,3.6,2.75,2.25,2.86666666666667,0
229,2,2,6,216,0,0,0,0,0,0,2,1,1,4,1,1,3,1,5,4,5,3,2,2,2,2,2,3.75,2.25,2.66666666666667,0
230,1,3,4,417,0,0,1,1,0,0,3,1,5,3,5,5,1,2,1,3,4,4,1,4,4,3,3.8,2.5,3.25,3.18333333333333,1
231,1,3,2,497,1,0,0,1,0,1,1,2,4,2,3,4,3,5,3,4,1,2,4,1,3,3,3.2,3.25,2.5,2.98333333333333,0
232,2,2,5,367,0,1,0,0,0,0,2,1,3,1,4,2,3,4,5,2,3,2,3,1,4,3,2.6,3.5,2.5,2.86666666666667,0
233,1,3,1,451,1,0,0,0,0,0,2,1,2,2,1,1,5,1,3,5,1,3,2,3,2,3,2.2,2.5,2.5,2.4,0
234,1,1,4,281,0,0,1,1,0,0,1,2,1,3,5,3,1,2,1,2,4,4,1,4,5,2,2.6,2.25,3.5,2.78333333333333,1
235,2,3,5,680,1,0,0,0,0,0,2,1,3,4,3,1,4,5,3,1,1,2,4,1,1,4,3,2.5,2,2.5,0
236,2,3,4,342,1,1,1,1,0,0,1,1,5,1,2,5,5,3,5,1,2,5,5,2,1,2,3.6,2.75,3.25,3.2,1
237,2,2,5,431,1,0,0,0,0,1,2,2,4,5,3,2,1,4,3,4,1,5,1,3,2,3,3,3,2.75,2.91666666666667,0
238,1,3,4,245,0,1,1,0,0,0,3,1,1,2,2,4,1,1,3,1,2,1,5,1,3,2,2,1.75,2.5,2.08333333333333,1
239,2,2,6,157,1,0,1,0,0,0,1,1,3,5,4,2,4,2,4,4,1,3,4,5,3,1,3.6,2.75,3.75,3.36666666666667,1
240,1,1,4,530,0,1,1,0,0,0,1,2,4,3,5,4,2,1,4,5,1,1,3,2,4,4,3.6,2.75,2.5,2.95,1
241,2,3,6,747,0,1,0,0,1,1,1,2,2,2,1,2,5,3,3,2,5,3,2,3,2,4,2.4,3.25,2.5,2.71666666666667,0
242,1,2,4,585,1,1,1,0,0,0,2,1,2,3,5,1,5,4,1,1,4,1,1,4,5,4,3.2,2.5,2.75,2.81666666666667,1
243,2,2,6,696,0,0,0,0,1,1,2,1,5,4,4,3,5,2,3,2,3,2,3,1,1,4,4.2,2.5,1.75,2.81666666666667,0
244,2,3,5,147,1,1,0,0,0,0,2,2,1,4,1,4,4,1,5,4,5,3,2,2,3,1,2.8,3.75,2.5,3.01666666666667,0
245,2,1,6,467,0,0,1,0,1,1,1,1,5,5,5,5,1,2,1,3,4,4,1,4,2,3,4.2,2.5,2.75,3.15,1
246,1,3,4,136,1,1,0,1,0,0,2,1,4,2,3,4,4,5,3,4,5,2,4,1,3,1,3.4,4.25,2.5,3.38333333333333,0
247,1,2,3,146,0,1,1,0,0,1,1,2,3,1,3,2,3,2,2,3,3,2,3,1,4,1,2.4,2.5,2.5,2.46666666666667,1
248,2,3,5,926,0,1,0,1,1,0,1,2,2,2,1,1,1,1,2,5,5,3,5,3,2,4,1.4,3.25,3.25,2.63333333333333,0
249,1,4,4,190,0,1,1,0,0,1,4,2,5,3,5,3,5,4,1,3,4,4,1,3,5,1,4.2,3,3.25,3.48333333333333,1
250,1,2,2,502,1,0,1,1,1,1,3,1,3,4,3,5,4,5,3,1,3,2,5,3,1,4,3.8,3,2.75,3.18333333333333,1
